STATE,YEAR,REGION,ENROLL,TOTAL_EXPENDITURE,G08_A_M_READING,G08_A_M_MATHEMATICS,G08_A_F_READING,G08_A_F_MATHEMATICS,EXPENDITURE_PER_STUDENT,HS_or_higher_25-44,Bach_or_higher_25-44,AVG_HS,AVG_BACH,
United States,2005,N,NA,NA,NA,NA,NA,NA,NA,86,29.4,86,29.4,
Alabama,2005,SE,729342,5904664,245,261,260,,8.095878203,84.3,23.5,85.6,24.5,
Alaska,2005,W,132568,1751718,253,280,265,278,13.21373182,86.2,24,90,28,
Arizona,2005,SW,919875,7136794,249,274,260,274,7.758438918,84.4,25.2,81.8,24.1,
Arkansas,2005,SE,461667,3999608,252,270,263,273,8.663404575,85.5,20.5,85.6,24.5,
California,2005,SW,6307022,66196072,246,269,255,268,10.49561457,78.3,29.3,81.8,24.1,
Colorado,2005,W,765388,7284280,261,281,268,281,9.517107663,90.4,37.3,90,28,
Connecticut,2005,NE,552512,7452057,258,281,270,281,13.48759303,88.9,37.8,92,34.6,
Delaware,2005,MA,112562,1480157,261,283,271,279,13.14970416,88.8,30.5,87.9,37.1,
District of Columbia,2005,MA,62306,1085658,230,246,245,245,17.424614,87.8,52.2,87.9,37.1,
Florida,2005,SE,2645280,23857012,249,276,262,272,9.018709551,84.1,25.5,85.6,24.5,
Georgia,2005,SE,1552758,14492666,251,273,263,272,9.333499489,88.2,30.6,85.6,24.5,
Hawaii,2005,W,183185,1765805,242,265,256,266,9.639462838,86.9,26.8,90,28,
Idaho,2005,W,253782,1819519,258,280,271,282,7.169614078,87.5,24,90,28,
Illinois,2005,MW,2072437,22035569,258,279,269,276,10.63268461,89,33.8,91.8,29.9,
Indiana,2005,MW,1014528,11071431,256,283,267,280,10.91288856,87.7,23.8,91.8,29.9,
Iowa,2005,MW,478319,4599549,261,283,273,284,9.616070029,94.8,29.4,91.8,29.9,
Kansas,2005,MW,468481,4076597,262,285,271,283,8.701733902,91.8,31.4,91.8,29.9,
Kentucky,2005,SE,674502,5750671,258,275,270,273,8.52580274,85.3,22,85.6,24.5,
Louisiana,2005,SE,717625,5941561,247,267,259,268,8.279478836,82.9,21.6,85.6,24.5,
Maine,2005,NE,198745,2325138,264,282,276,280,11.69910186,92.5,25,92,34.6,
Maryland,2005,MA,865561,9782665,256,278,266,278,11.30210927,86.9,36.2,87.9,37.1,
Massachusetts,2005,NE,955225,12726283,269,291,278,292,13.3228119,92.4,42.7,92,34.6,
Michigan,2005,MW,1721351,20489512,256,279,266,275,11.90315746,90.7,28,91.8,29.9,
Minnesota,2005,MW,814660,9082593,263,291,274,289,11.14893698,94.5,35.9,91.8,29.9,
Mississippi,2005,SE,494382,3610904,246,263,255,262,7.303874332,83.8,19.7,85.6,24.5,
Missouri,2005,MW,902659,8170965,260,278,270,275,9.052106056,88.8,27.7,91.8,29.9,
Montana,2005,W,146552,1268328,265,286,274,287,8.654457121,94.9,27.9,90,28,
Nebraska,2005,MW,284553,2708776,261,285,274,283,9.519407632,91.5,32.4,91.8,29.9,
Nevada,2005,SW,399727,3483540,247,270,258,269,8.71479785,80.9,19.8,81.8,24.1,
New Hampshire,2005,NE,202223,2333264,264,286,275,285,11.5380743,93.2,34.6,92,34.6,
New Jersey,2005,MA,1368959,23023365,266,286,273,282,16.81815526,87.1,38,87.9,37.1,
New Mexico,2005,SW,326102,3011696,247,264,255,262,9.235441672,81.5,21.9,81.8,24.1,
New York,2005,MA,2816426,45086872,260,280,270,280,16.00854132,87.2,35.8,87.9,37.1,
North Carolina,2005,SE,1347177,10917913,251,281,266,282,8.104289934,86.1,28,85.6,24.5,
North Dakota,2005,MW,100413,985502,267,287,274,287,9.814486172,98.8,30.8,91.8,29.9,
Ohio,2005,MW,1778784,19785561,261,284,272,282,11.1230824,89.7,27.1,91.8,29.9,
Oklahoma,2005,SW,629145,4785987,254,272,265,271,7.607128722,86.5,23.4,81.8,24.1,
Oregon,2005,W,550502,5597579,258,284,268,281,10.16813563,88.5,28.9,90,28,
Pennsylvania,2005,MA,1755560,23183924,262,283,271,279,13.20599923,89.3,30.1,87.9,37.1,
Rhode Island,2005,NE,153596,1790591,256,272,266,273,11.65779708,90.4,33.7,92,34.6,
South Carolina,2005,SE,701176,6572191,252,282,262,281,9.373097482,85.5,24.2,85.6,24.5,
South Dakota,2005,MW,124862,1059303,264,287,273,287,8.483790104,92.8,29.3,91.8,29.9,
Tennessee,2005,SE,940769,7067521,255,270,264,271,7.512493503,86.9,23.9,85.6,24.5,
Texas,2005,SW,4334611,40302144,254,283,263,279,9.297753362,79.1,25.2,81.8,24.1,
Utah,2005,W,488055,3188018,255,280,269,278,6.532087572,95.1,29.1,90,28,
Vermont,2005,NE,92819,1634534,262,287,276,287,17.60990745,94.5,33.8,92,34.6,
Virginia,2005,SE,1203697,12385157,263,285,273,283,10.28926466,86.6,34.9,85.6,24.5,
Washington,2005,W,1019925,9399603,260,285,269,285,9.215974704,89.8,31.2,90,28,
West Virginia,2005,SE,279456,2698703,250,268,261,270,9.656987146,87.5,19.5,85.6,24.5,
Wisconsin,2005,MW,869301,9433502,261,285,273,284,10.85182463,91.5,28.8,91.8,29.9,
Wyoming,2005,W,84146,1033603,264,283,272,281,12.28344782,90.9,23,90,28,
United States,2006,N,NA,NA,NA,NA,NA,NA,NA,87.7,29.6,87.7,29.6,
Alabama,2006,SE,743265,6591429,NA,NA,NA,NA,8.868208512,84.4,22.6,86.4,24.5,
Alaska,2006,W,132893,1817656,NA,NA,NA,NA,13.67759024,93.9,26.4,91.8,28.9,
Arizona,2006,SW,947266,7934177,NA,NA,NA,NA,8.375870136,87.8,26.4,84.6,24.6,
Arkansas,2006,SE,472609,4343877,NA,NA,NA,NA,9.191270162,86.3,20.7,86.4,24.5,
California,2006,SW,6295994,68722432,NA,NA,NA,NA,10.91526326,81.7,29.7,84.6,24.6,
Colorado,2006,W,778842,7803324,NA,NA,NA,NA,10.0191361,90.8,36.4,91.8,28.9,
Connecticut,2006,NE,549744,7982143,NA,NA,NA,NA,14.51974555,92.9,37.4,93.7,35.1,
Delaware,2006,MA,114371,1646885,NA,NA,NA,NA,14.39949812,89.7,31.8,89.8,38.2,
District of Columbia,2006,MA,59616,1081887,NA,NA,NA,NA,18.14759461,89.5,55.7,89.8,38.2,
Florida,2006,SE,2663973,26609155,NA,NA,NA,NA,9.988522782,87.4,26.3,86.4,24.5,
Georgia,2006,SE,1597682,15839227,NA,NA,NA,NA,9.913879608,87.6,28.9,86.4,24.5,
Hawaii,2006,W,182818,1939968,NA,NA,NA,NA,10.61147152,93.8,30.2,91.8,28.9,
Idaho,2006,W,258314,1903720,NA,NA,NA,NA,7.369790255,89.8,24.6,91.8,28.9,
Illinois,2006,MW,2097585,22622323,NA,NA,NA,NA,10.78493744,89.7,33.8,91.9,30.1,
Indiana,2006,MW,1026106,11260755,NA,NA,NA,NA,10.97426094,89.1,24.7,91.9,30.1,
Iowa,2006,MW,483482,4930613,NA,NA,NA,NA,10.19813147,92.5,29.4,91.9,30.1,
Kansas,2006,MW,467279,4439000,NA,NA,NA,NA,9.499677923,91.2,32,91.9,30.1,
Kentucky,2006,SE,679621,6112978,NA,NA,NA,NA,8.994686745,87.9,22.8,86.4,24.5,
Louisiana,2006,SE,648313,6032182,NA,NA,NA,NA,9.304428571,83,21.7,86.4,24.5,
Maine,2006,NE,195675,2381439,NA,NA,NA,NA,12.17037946,95.3,26.8,93.7,35.1,
Maryland,2006,MA,860021,10585292,NA,NA,NA,NA,12.30817852,90.3,37.9,89.8,38.2,
Massachusetts,2006,NE,949951,13503621,NA,NA,NA,NA,14.21507109,92.5,43.2,93.7,35.1,
Michigan,2006,MW,1714416,20626758,NA,NA,NA,NA,12.03136112,92.8,28.6,91.9,30.1,
Minnesota,2006,MW,812040,9671933,NA,NA,NA,NA,11.9106608,94.3,35.5,91.9,30.1,
Mississippi,2006,SE,493952,4066036,NA,NA,NA,NA,8.231641941,83.6,20.7,86.4,24.5,
Missouri,2006,MW,913765,8654672,NA,NA,NA,NA,9.471441782,90,28.2,91.9,30.1,
Montana,2006,W,145259,1377599,NA,NA,NA,NA,9.483742832,93.6,29.9,91.8,28.9,
Nebraska,2006,MW,285547,2867250,NA,NA,NA,NA,10.04125415,91.9,31.8,91.9,30.1,
Nevada,2006,SW,412747,4022979,NA,NA,NA,NA,9.746840074,83.6,20.3,84.6,24.6,
New Hampshire,2006,NE,201044,2494247,NA,NA,NA,NA,12.40647321,96.6,34.9,93.7,35.1,
New Jersey,2006,MA,1371155,24177714,NA,NA,NA,NA,17.63310056,90.8,38.4,89.8,38.2,
New Mexico,2006,SW,326761,3099738,NA,NA,NA,NA,9.48625448,85.1,22.9,84.6,24.6,
New York,2006,MA,2787366,48359774,NA,NA,NA,NA,17.34963187,87.7,35.7,89.8,38.2,
North Carolina,2006,SE,1378306,11725031,NA,NA,NA,NA,8.506841732,85.6,27.4,86.4,24.5,
North Dakota,2006,MW,98172,1017084,NA,NA,NA,NA,10.36022491,94.5,31.5,91.9,30.1,
Ohio,2006,MW,1769200,20589584,NA,NA,NA,NA,11.63779335,91,27,91.9,30.1,
Oklahoma,2006,SW,634468,5094695,NA,NA,NA,NA,8.029869119,87.4,23.1,84.6,24.6,
Oregon,2006,W,556185,5386128,NA,NA,NA,NA,9.684058362,89.8,29.3,91.8,28.9,
Pennsylvania,2006,MA,1752402,24195122,NA,NA,NA,NA,13.80683314,90.6,30.4,89.8,38.2,
Rhode Island,2006,NE,150112,1983578,NA,NA,NA,NA,13.21398689,88.9,34.8,93.7,35.1,
South Carolina,2006,SE,699027,7148083,NA,NA,NA,NA,10.22576095,85.3,23.4,86.4,24.5,
South Dakota,2006,MW,121718,1052315,NA,NA,NA,NA,8.645516686,93.2,29.5,91.9,30.1,
Tennessee,2006,SE,953514,7395357,NA,NA,NA,NA,7.755897659,87.1,24,86.4,24.5,
Texas,2006,SW,4450272,43394244,NA,NA,NA,NA,9.750919494,81.7,25.4,84.6,24.6,
Utah,2006,W,496507,3371338,NA,NA,NA,NA,6.79011172,91.7,28.7,91.8,28.9,
Vermont,2006,NE,90850,1711762,NA,NA,NA,NA,18.84162906,96.2,33.2,93.7,35.1,
Virginia,2006,SE,1213616,13481336,NA,NA,NA,NA,11.10840332,90.3,35.5,86.4,24.5,
Washington,2006,W,1031668,9915617,NA,NA,NA,NA,9.611247998,91.2,32.3,91.8,28.9,
West Virginia,2006,SE,279788,2852607,NA,NA,NA,NA,10.19560167,88.6,19.6,86.4,24.5,
Wisconsin,2006,MW,869596,9779642,NA,NA,NA,NA,11.24619018,93.2,29.2,91.9,30.1,
Wyoming,2006,W,86155,1146527,NA,NA,NA,NA,13.30772445,92.1,22.4,91.8,28.9,
United States,2007,N,NA,NA,NA,NA,NA,NA,NA,87.7,29.6,87.7,29.6,
Alabama,2007,SE,743273,7196459,247,267,257,265,9.682120836,84.1,22.6,86.2,24.5,
Alaska,2007,W,132197,1938755,253,282,264,283,14.66565051,93.8,26.4,92.3,28.9,
Arizona,2007,SW,969875,8709531,251,277,259,274,8.980055162,86.9,26.4,84.1,24.6,
Arkansas,2007,SE,474532,4779308,253,274,263,274,10.07162425,85.3,20.7,86.2,24.5,
California,2007,SW,6288686,73225422,246,270,257,270,11.64399399,81.6,29.7,84.1,24.6,
Colorado,2007,W,790211,8039146,262,287,271,286,10.17341697,92.3,36.4,92.3,28.9,
Connecticut,2007,NE,549230,8685421,262,282,272,283,15.81381388,91.1,37.4,93.2,35.1,
Delaware,2007,MA,114678,1705204,260,285,269,281,14.86949546,89.5,31.8,89.8,38.2,
District of Columbia,2007,MA,56943,1140506,235,248,245,248,20.0289061,91.5,55.7,89.8,38.2,
Florida,2007,SE,2656176,29849892,254,278,266,277,11.23791948,86.9,26.3,86.2,24.5,
Georgia,2007,SE,1628409,17389530,253,275,264,274,10.67884665,87.5,28.9,86.2,24.5,
Hawaii,2007,W,180728,2199604,244,267,259,270,12.17079811,94.2,30.2,92.3,28.9,
Idaho,2007,W,262935,1960472,260,285,270,282,7.456108924,92.6,24.6,92.3,28.9,
Illinois,2007,MW,2101075,23401917,259,282,267,279,11.13806837,89.8,33.8,91.9,30.1,
Indiana,2007,MW,1034588,11462062,259,286,270,284,11.07886618,89.9,24.7,91.9,30.1,
Iowa,2007,MW,483122,5198975,263,287,272,284,10.76120524,93.2,29.4,91.9,30.1,
Kansas,2007,MW,468974,4823931,263,291,272,289,10.2861374,91.9,32,91.9,30.1,
Kentucky,2007,SE,646360,6351636,257,280,266,277,9.826777647,88.2,22.8,86.2,24.5,
Louisiana,2007,SE,662302,6657341,248,273,258,272,10.05182077,81.7,21.7,86.2,24.5,
Maine,2007,NE,193539,2501127,264,288,276,285,12.92311627,94.2,26.8,93.2,35.1,
Maryland,2007,MA,851640,11541225,260,287,270,284,13.55176483,89.2,37.9,89.8,38.2,
Massachusetts,2007,NE,945070,14315518,269,300,278,296,15.14757425,93.3,43.2,93.2,35.1,
Michigan,2007,MW,1686473,19839838,255,278,266,275,11.76410058,93.1,28.6,91.9,30.1,
Minnesota,2007,MW,810104,10030105,263,292,274,292,12.38125599,94.3,35.5,91.9,30.1,
Mississippi,2007,SE,494135,4158733,246,266,255,264,8.416187884,82,20.7,86.2,24.5,
Missouri,2007,MW,910142,9245525,259,282,268,279,10.15833244,90.6,28.2,91.9,30.1,
Montana,2007,W,144258,1442434,265,287,278,287,9.998987924,93.4,29.9,92.3,28.9,
Nebraska,2007,MW,287135,3117931,262,285,272,282,10.8587633,90.6,31.8,91.9,30.1,
Nevada,2007,SW,422782,4346371,245,271,259,270,10.28040692,81.6,20.3,84.1,24.6,
New Hampshire,2007,NE,198625,2608190,264,288,275,287,13.13122719,95.2,34.9,93.2,35.1,
New Jersey,2007,MA,1363804,25572112,266,290,274,288,18.75057706,90.5,38.4,89.8,38.2,
New Mexico,2007,SW,327816,3279467,247,268,255,267,10.00398699,85.1,22.9,84.1,24.6,
New York,2007,MA,2754976,51253984,258,281,269,280,18.604149,87.7,35.7,89.8,38.2,
North Carolina,2007,SE,1416028,12794086,254,285,265,283,9.035192807,86,27.4,86.2,24.5,
North Dakota,2007,MW,96577,1042175,264,293,272,290,10.79113039,93.9,31.5,91.9,30.1,
Ohio,2007,MW,1758645,21336580,264,286,272,283,12.13239739,91.8,27,91.9,30.1,
Oklahoma,2007,SW,639032,5505213,255,277,264,273,8.614925387,87.5,23.1,84.1,24.6,
Oregon,2007,W,559643,5634955,260,285,271,283,10.06883853,90.4,29.3,92.3,28.9,
Pennsylvania,2007,MA,1760451,25627083,265,289,270,283,14.55711235,90.6,30.4,89.8,38.2,
Rhode Island,2007,NE,147861,2082332,256,276,261,275,14.08303745,89.5,34.8,93.2,35.1,
South Carolina,2007,SE,701580,7660995,253,281,262,282,10.9196314,86.5,23.4,86.2,24.5,
South Dakota,2007,MW,121158,1096568,266,290,274,287,9.05072715,90.9,29.5,91.9,30.1,
Tennessee,2007,SE,978084,7817659,254,277,264,271,7.992829859,87.3,24,86.2,24.5,
Texas,2007,SW,4513835,45920825,256,287,266,285,10.17335038,81.9,25.4,84.1,24.6,
Utah,2007,W,504079,3618540,258,282,267,280,7.178517653,92.5,28.7,92.3,28.9,
Vermont,2007,NE,89329,1804519,268,292,278,290,20.20081944,96,33.2,93.2,35.1,
Virginia,2007,SE,1220440,14700853,262,289,272,286,12.04553522,90.2,35.5,86.2,24.5,
Washington,2007,W,1026121,10682397,260,285,270,285,10.41046524,90.8,32.3,92.3,28.9,
West Virginia,2007,SE,281298,2983267,248,271,262,269,10.60536157,88.4,19.6,86.2,24.5,
Wisconsin,2007,MW,870584,9988878,257,287,272,284,11.47376703,93.1,29.2,91.9,30.1,
Wyoming,2007,W,85034,1390344,261,288,271,286,16.35044806,90.7,22.4,92.3,28.9,
United States,2008,N,NA,NA,NA,NA,NA,NA,NA,87.5,30.4,87.5,30.4,
Alabama,2008,SE,742919,7847387,NA,NA,NA,NA,10.56291063,85,24.1,86.7,25.2,
Alaska,2008,W,130624,2274819,NA,NA,NA,NA,17.41501562,95.3,26,92.2,29.1,
Arizona,2008,SW,987332,9581201,NA,NA,NA,NA,9.704132956,87.1,25.9,83.7,24.8,
Arkansas,2008,SE,476110,4720720,NA,NA,NA,NA,9.915187667,85.3,20.9,86.7,25.2,
California,2008,SW,6258421,76618865,NA,NA,NA,NA,12.24252331,81.1,30.1,83.7,24.8,
Colorado,2008,W,796824,8884786,NA,NA,NA,NA,11.15024899,91.5,37.3,92.2,29.1,
Connecticut,2008,NE,544417,9046750,NA,NA,NA,NA,16.61731724,91.1,39.5,93.3,36.1,
Delaware,2008,MA,114062,1746925,NA,NA,NA,NA,15.31557399,88.6,29.6,89.3,38.9,
District of Columbia,2008,MA,58191,1224785,NA,NA,NA,NA,21.0476706,90.4,57.6,89.3,38.9,
Florida,2008,SE,2645680,31219589,NA,NA,NA,NA,11.80021356,87,26.4,86.7,25.2,
Georgia,2008,SE,1646010,19172087,NA,NA,NA,NA,11.64761271,87.9,29.9,86.7,25.2,
Hawaii,2008,W,179897,2242408,NA,NA,NA,NA,12.46495495,93.1,29.4,92.2,29.1,
Idaho,2008,W,265844,2001328,NA,NA,NA,NA,7.528204511,89.3,24.9,92.2,29.1,
Illinois,2008,MW,2099118,25696866,NA,NA,NA,NA,12.24174439,89,35.2,92,31.1,
Indiana,2008,MW,1033329,10865851,NA,NA,NA,NA,10.51538377,89.2,26.2,92,31.1,
Iowa,2008,MW,485114,5495756,NA,NA,NA,NA,11.32879282,92.8,30.5,92,31.1,
Kansas,2008,MW,467743,5122049,NA,NA,NA,NA,10.9505626,90.6,33.1,92,31.1,
Kentucky,2008,SE,666019,6793215,NA,NA,NA,NA,10.19973154,88.5,23.3,86.7,25.2,
Louisiana,2008,SE,662971,7599993,NA,NA,NA,NA,11.46353762,84.3,21.7,86.7,25.2,
Maine,2008,NE,193058,2582293,NA,NA,NA,NA,13.37573683,95.3,26.5,93.3,36.1,
Maryland,2008,MA,845700,12739693,NA,NA,NA,NA,15.06408064,88.9,37.8,89.3,38.9,
Massachusetts,2008,NE,937677,14631545,NA,NA,NA,NA,15.60403529,93.1,44.7,93.3,36.1,
Michigan,2008,MW,1661936,20703780,NA,NA,NA,NA,12.45762773,93.3,29.1,92,31.1,
Minnesota,2008,MW,807929,10462624,NA,NA,NA,NA,12.94993001,93.8,36.9,92,31.1,
Mississippi,2008,SE,493302,4363308,NA,NA,NA,NA,8.845105027,84.1,20.3,86.7,25.2,
Missouri,2008,MW,898350,9900419,NA,NA,NA,NA,11.02067012,90.1,28.9,92,31.1,
Montana,2008,W,142695,1557678,NA,NA,NA,NA,10.91613581,93.6,29.4,92.2,29.1,
Nebraska,2008,MW,290912,3325663,NA,NA,NA,NA,11.43185224,90.8,31.9,92,31.1,
Nevada,2008,SW,428776,4881218,NA,NA,NA,NA,11.38407467,80.4,21.1,83.7,24.8,
New Hampshire,2008,NE,195668,2715961,NA,NA,NA,NA,13.88045567,95.6,37.2,93.3,36.1,
New Jersey,2008,MA,1353191,26168480,NA,NA,NA,NA,19.33834913,90.1,39.2,89.3,38.9,
New Mexico,2008,SW,329045,3599724,NA,NA,NA,NA,10.93991399,84.4,22.5,83.7,24.8,
New York,2008,MA,2727552,54870811,NA,NA,NA,NA,20.11723736,87.5,37.4,89.3,38.9,
North Carolina,2008,SE,1408316,13731201,NA,NA,NA,NA,9.750085208,85.9,28.4,86.7,25.2,
North Dakota,2008,MW,94959,1085970,NA,NA,NA,NA,11.43619878,94.7,33.7,92,31.1,
Ohio,2008,MW,1743920,21951104,NA,NA,NA,NA,12.5872196,92.4,28.6,92,31.1,
Oklahoma,2008,SW,641682,5667749,NA,NA,NA,NA,8.832644519,87.3,23.4,83.7,24.8,
Oregon,2008,W,562632,6407512,NA,NA,NA,NA,11.38845995,90.3,30.5,92.2,29.1,
Pennsylvania,2008,MA,1718588,26597713,NA,NA,NA,NA,15.47649175,90.4,31.5,89.3,38.9,
Rhode Island,2008,NE,143812,2175172,NA,NA,NA,NA,15.12510778,89.4,34.3,93.3,36.1,
South Carolina,2008,SE,710685,8167262,NA,NA,NA,NA,11.49209847,86,24.9,86.7,25.2,
South Dakota,2008,MW,121606,1172715,NA,NA,NA,NA,9.643561995,94.1,29.4,92,31.1,
Tennessee,2008,SE,966963,8488521,NA,NA,NA,NA,8.778537545,88.6,25.6,86.7,25.2,
Texas,2008,SW,4581517,50205827,NA,NA,NA,NA,10.95834131,81.6,26,83.7,24.8,
Utah,2008,W,556314,4337917,NA,NA,NA,NA,7.797605309,93.1,29.4,92.2,29.1,
Vermont,2008,NE,87919,1888133,NA,NA,NA,NA,21.47582434,95.2,34.3,93.3,36.1,
Virginia,2008,SE,1230857,15236306,NA,NA,NA,NA,12.37861587,88.8,36.2,86.7,25.2,
Washington,2008,W,1029576,11677666,NA,NA,NA,NA,11.34220883,90.2,31.7,92.2,29.1,
West Virginia,2008,SE,281735,3068910,NA,NA,NA,NA,10.89289581,88.6,20.1,86.7,25.2,
Wisconsin,2008,MW,867929,10545964,NA,NA,NA,NA,12.15072201,93.3,30.1,92,31.1,
Wyoming,2008,W,85991,1517325,NA,NA,NA,NA,17.64516054,93.1,23,92.2,29.1,
United States,2009,N,NA,NA,NA,NA,NA,NA,NA,88,31.2,88,31.2,
Alabama,2009,SE,745668,7815467,249,268,261,269,10.48116186,85.7,24.6,87.4,26.3,
Alaska,2009,W,130236,2396412,254,283,265,283,18.40053441,93.7,24,91.3,29.5,
Arizona,2009,SW,981303,9580393,254,279,261,276,9.762930512,90.7,27.2,84.4,25.5,
Arkansas,2009,SE,474423,5017352,254,275,262,277,10.575693,87.6,21.7,87.4,26.3,
California,2009,SW,6234155,74766086,248,272,257,268,11.99297836,81.9,31.2,84.4,25.5,
Colorado,2009,W,812068,8682489,262,289,270,286,10.69182507,90.4,37.9,91.3,29.5,
Connecticut,2009,NE,539250,9323053,267,288,277,289,17.28892536,90,38.9,93.1,36.8,
Delaware,2009,MA,116804,1798244,260,284,270,283,15.39539742,91.4,32.2,90.7,40.3,
District of Columbia,2009,MA,44331,805362,236,252,248,255,18.16701631,90.8,58.2,90.7,40.3,
Florida,2009,SE,2623067,28867429,259,281,269,278,11.00521984,88.2,26.9,87.4,26.3,
Georgia,2009,SE,1649598,19025136,255,277,266,278,11.53319536,87.9,30.7,87.4,26.3,
Hawaii,2009,W,179478,2318671,248,271,262,276,12.91897057,95.8,31.1,91.3,29.5,
Idaho,2009,W,267951,2078446,259,288,271,286,7.756813746,89.1,24.6,91.3,29.5,
Illinois,2009,MW,2117291,27716187,260,284,269,280,13.09040042,89.5,35.9,91.3,31,
Indiana,2009,MW,1028259,11218398,263,288,269,285,10.91008977,89.6,26.3,91.3,31,
Iowa,2009,MW,487559,5732186,261,285,269,284,11.75690737,92,30.7,91.3,31,
Kansas,2009,MW,470445,5827751,265,290,269,287,12.38774139,90.1,32.6,91.3,31,
Kentucky,2009,SE,669858,6831006,263,281,271,278,10.19769265,88.4,25.1,87.4,26.3,
Louisiana,2009,SE,662774,8053960,248,272,258,273,12.15189491,86.5,24.1,87.4,26.3,
Maine,2009,NE,187372,2624504,262,288,273,284,14.00691672,94,28.6,93.1,36.8,
Maryland,2009,MA,843781,12757599,262,290,272,287,15.11956183,89.7,39.4,90.7,40.3,
Massachusetts,2009,NE,932437,15174814,269,300,279,298,16.27435848,93.9,46.3,93.1,36.8,
Michigan,2009,MW,1537515,19992550,257,280,267,277,13.00315769,92.6,28.8,91.3,31,
Minnesota,2009,MW,800831,11193640,265,296,275,293,13.97753084,92.9,37.2,91.3,31,
Mississippi,2009,SE,491194,4552756,248,265,255,265,9.268753283,84.4,21.2,87.4,26.3,
Missouri,2009,MW,893807,10227305,262,287,272,285,11.44240871,90.9,29.9,91.3,31,
Montana,2009,W,141782,1622485,265,292,276,291,11.44351892,91.5,30.4,91.3,29.5,
Nebraska,2009,MW,292161,3523803,263,286,272,283,12.06116833,89.1,32.1,91.3,31,
Nevada,2009,SW,430985,4577881,248,275,260,273,10.62190331,81.5,21.6,84.4,25.5,
New Hampshire,2009,NE,197024,2757401,264,293,277,292,13.99525439,94.6,36.2,93.1,36.8,
New Jersey,2009,MA,1354912,26145334,269,295,277,290,19.29670266,90.3,39.6,90.7,40.3,
New Mexico,2009,SW,328737,3945515,251,271,257,269,12.00204115,84.1,22.9,84.4,25.5,
New York,2009,MA,2696688,57851481,259,283,270,282,21.45278987,88.8,39.2,90.7,40.3,
North Carolina,2009,SE,1452064,14868070,253,284,267,284,10.23926631,86.2,29.9,87.4,26.3,
North Dakota,2009,MW,94653,1137260,265,294,274,291,12.01504443,92.8,31.2,91.3,31,
Ohio,2009,MW,1729072,22427481,265,287,272,284,12.97081961,93.1,29.2,91.3,31,
Oklahoma,2009,SW,644549,5941799,255,278,264,274,9.218537303,86.4,23.4,84.4,25.5,
Oregon,2009,W,560726,6715011,260,287,270,283,11.97556561,88.9,30.9,91.3,29.5,
Pennsylvania,2009,MA,1687145,27328680,267,290,274,287,16.19818095,92.9,32.9,90.7,40.3,
Rhode Island,2009,NE,141521,2171376,255,278,265,278,15.34313635,92.8,35.3,93.1,36.8,
South Carolina,2009,SE,714290,8427391,251,281,264,280,11.79827661,86.7,26.4,87.4,26.3,
South Dakota,2009,MW,126624,1273527,266,292,275,289,10.05754833,91.7,27.9,91.3,31,
Tennessee,2009,SE,971484,8611178,257,275,265,275,8.863942175,89.2,27.2,87.4,26.3,
Texas,2009,SW,4647205,53575273,256,287,264,286,11.52849358,81.5,26.4,84.4,25.5,
Utah,2009,W,532433,4419750,260,285,271,283,8.301044451,91.5,29.5,91.3,29.5,
Vermont,2009,NE,86320,1661019,267,294,278,292,19.24257414,93.1,35.5,93.1,36.8,
Virginia,2009,SE,1235064,15510318,260,287,271,285,12.55831115,89.4,37.2,87.4,26.3,
Washington,2009,W,1035907,12240632,261,290,273,288,11.81634259,90.1,32.8,91.3,29.5,
West Virginia,2009,SE,281908,3121728,248,271,262,270,11.0735701,88.8,20.2,87.4,26.3,
Wisconsin,2009,MW,867035,10880480,260,289,271,287,12.54906665,91.3,30.2,91.3,31,
Wyoming,2009,W,86971,1658156,265,288,271,284,19.06561957,90.4,23.9,91.3,29.5,
United States,2010,N,NA,NA,NA,NA,NA,NA,NA,87.2,31.2,87.2,31.2,
Alabama,2010,SE,748889,7647571,NA,NA,NA,NA,10.21188854,83.9,24.6,86.7,26.3,
Alaska,2010,W,131265,2371251,NA,NA,NA,NA,18.06460976,91.8,24,90.9,29.5,
Arizona,2010,SW,963517,8812967,NA,NA,NA,NA,9.146664771,85.2,27.2,84,25.5,
Arkansas,2010,SE,474897,5520387,NA,NA,NA,NA,11.62438803,86,21.7,86.7,26.3,
California,2010,SW,6213958,71227111,NA,NA,NA,NA,11.46243843,81.4,31.2,84,25.5,
Colorado,2010,W,825242,8914338,NA,NA,NA,NA,10.80208957,89.1,37.9,90.9,29.5,
Connecticut,2010,NE,534800,9542108,NA,NA,NA,NA,17.84238594,90.8,38.9,92.1,36.8,
Delaware,2010,MA,117628,1758988,NA,NA,NA,NA,14.95382052,87.6,32.2,89.8,40.3,
District of Columbia,2010,MA,43866,1290048,NA,NA,NA,NA,29.408836,91.9,58.2,89.8,40.3,
Florida,2010,SE,2627390,27267009,NA,NA,NA,NA,10.37798309,86.6,26.9,86.7,26.3,
Georgia,2010,SE,1660643,17834488,NA,NA,NA,NA,10.73950753,86,30.7,86.7,26.3,
Hawaii,2010,W,180196,2215458,NA,NA,NA,NA,12.29471242,92.9,31.1,90.9,29.5,
Idaho,2010,W,266613,2098737,NA,NA,NA,NA,7.871847959,89.9,24.6,90.9,29.5,
Illinois,2010,MW,2098401,28560306,NA,NA,NA,NA,13.61050914,88.8,35.9,91.1,31,
Indiana,2010,MW,1026053,11502534,NA,NA,NA,NA,11.21046769,88.5,26.3,91.1,31,
Iowa,2010,MW,491255,5941449,NA,NA,NA,NA,12.09442957,92.3,30.7,91.1,31,
Kansas,2010,MW,471406,5979429,NA,NA,NA,NA,12.68424458,89.2,32.6,91.1,31,
Kentucky,2010,SE,679901,7092071,NA,NA,NA,NA,10.43103481,87.5,25.1,86.7,26.3,
Louisiana,2010,SE,663802,8125021,NA,NA,NA,NA,12.24012733,84.7,24.1,86.7,26.3,
Maine,2010,NE,187634,2680693,NA,NA,NA,NA,14.28681902,94,28.6,92.1,36.8,
Maryland,2010,MA,848252,13205691,NA,NA,NA,NA,15.56812244,89.5,39.4,89.8,40.3,
Massachusetts,2010,NE,929569,14857823,NA,NA,NA,NA,15.9835612,92.1,46.3,92.1,36.8,
Michigan,2010,MW,1510716,19967017,NA,NA,NA,NA,13.21692297,91,28.8,91.1,31,
Minnesota,2010,MW,799615,10564774,NA,NA,NA,NA,13.21232593,93.2,37.2,91.1,31,
Mississippi,2010,SE,491651,4504257,NA,NA,NA,NA,9.161492603,84.2,21.2,86.7,26.3,
Missouri,2010,MW,897348,10139784,NA,NA,NA,NA,11.29972318,89.3,29.9,91.1,31,
Montana,2010,W,141693,1642886,NA,NA,NA,NA,11.59468711,92.7,30.4,90.9,29.5,
Nebraska,2010,MW,294948,3640199,NA,NA,NA,NA,12.34183314,89.9,32.1,91.1,31,
Nevada,2010,SW,423859,4260869,NA,NA,NA,NA,10.05256229,84.3,21.6,84,25.5,
New Hampshire,2010,NE,196648,2856965,NA,NA,NA,NA,14.52831964,93.9,36.2,92.1,36.8,
New Jersey,2010,MA,1369553,26736651,NA,NA,NA,NA,19.52217329,90.7,39.6,89.8,40.3,
New Mexico,2010,SW,331436,3814058,NA,NA,NA,NA,11.50767569,83.6,22.9,84,25.5,
New York,2010,MA,2697357,60067253,NA,NA,NA,NA,22.26892955,87.5,39.2,89.8,40.3,
North Carolina,2010,SE,1444409,14162497,NA,NA,NA,NA,9.805046216,87.1,29.9,86.7,26.3,
North Dakota,2010,MW,94997,1267426,NA,NA,NA,NA,13.34174763,95,31.2,91.1,31,
Ohio,2010,MW,1669748,22701333,NA,NA,NA,NA,13.59566414,91.1,29.2,91.1,31,
Oklahoma,2010,SW,653592,5971651,NA,NA,NA,NA,9.136664769,87.8,23.4,84,25.5,
Oregon,2010,W,560239,6398065,NA,NA,NA,NA,11.42024208,87.8,30.9,90.9,29.5,
Pennsylvania,2010,MA,1682887,28231191,NA,NA,NA,NA,16.77545254,91.7,32.9,89.8,40.3,
Rhode Island,2010,NE,141023,2187163,NA,NA,NA,NA,15.50926445,87.5,35.3,92.1,36.8,
South Carolina,2010,SE,715590,8242553,NA,NA,NA,NA,11.51854134,87,26.4,86.7,26.3,
South Dakota,2010,MW,123555,1281632,NA,NA,NA,NA,10.3729675,92.8,27.9,91.1,31,
Tennessee,2010,SE,971414,8760367,NA,NA,NA,NA,9.018160125,88.1,27.2,86.7,26.3,
Texas,2010,SW,4728815,53810244,NA,NA,NA,NA,11.37922376,81.9,26.4,84,25.5,
Utah,2010,W,538676,4326951,NA,NA,NA,NA,8.032566886,90.8,29.5,90.9,29.5,
Vermont,2010,NE,87750,1719870,NA,NA,NA,NA,19.59965812,94.2,35.5,92.1,36.8,
Virginia,2010,SE,1244673,14919831,NA,NA,NA,NA,11.98694838,89.5,37.2,86.7,26.3,
Washington,2010,W,1034735,11820814,NA,NA,NA,NA,11.42400131,89.5,32.8,90.9,29.5,
West Virginia,2010,SE,281828,3484593,NA,NA,NA,NA,12.36425408,89.2,20.2,86.7,26.3,
Wisconsin,2010,MW,864898,11116821,NA,NA,NA,NA,12.85333184,91.5,30.2,91.1,31,
Wyoming,2010,W,87379,1696177,NA,NA,NA,NA,19.41172364,93.3,23.9,90.9,29.5,
United States,2011,N,NA,NA,NA,NA,NA,NA,NA,87.5,31.7,87.5,31.7,
Alabama,2011,SE,746933,7411768,254,269,263,269,9.922935524,84.8,24.7,87,26.8,
Alaska,2011,W,131704,2443898,256,283,267,284,18.55598919,93.2,27,91.3,31.5,
Arizona,2011,SW,946571,8610417,255,282,265,276,9.096430167,85,26.5,84,25.9,
Arkansas,2011,SE,475551,5669431,254,280,264,278,11.92181491,87.4,23,87,26.8,
California,2011,SW,6202604,69847705,249,273,261,273,11.26102924,82.2,31.5,84,25.9,
Colorado,2011,W,834832,8676451,268,291,274,292,10.39305034,89.8,38.5,91.3,31.5,
Connecticut,2011,NE,530132,9439182,270,288,279,286,17.80534282,91.1,40,92.2,38,
Delaware,2011,MA,119878,1808905,260,282,271,284,15.08954938,88.1,32.3,89.9,41.5,
District of Columbia,2011,MA,44199,1297175,234,259,249,262,29.34851467,90.7,63.4,89.9,41.5,
Florida,2011,SE,2636404,26991946,257,278,267,277,10.23816759,87.4,27.2,87,26.8,
Georgia,2011,SE,1666039,17187481,258,279,267,278,10.31637375,86.3,30.4,87,26.8,
Hawaii,2011,W,179601,2259104,252,277,263,279,12.57846003,95,29.1,91.3,31.5,
Idaho,2011,W,265713,1960818,264,287,272,286,7.379458288,89.2,26.3,91.3,31.5,
Illinois,2011,MW,2072114,28525858,261,283,271,283,13.76654856,89.3,36.7,91.1,31.9,
Indiana,2011,MW,1023220,11113533,260,285,270,285,10.86133285,88.4,27,91.1,31.9,
Iowa,2011,MW,493493,6057294,261,286,269,284,12.27432608,92.6,31.8,91.1,31.9,
Kansas,2011,MW,482692,5662146,263,291,272,289,11.73034979,90,33.6,91.1,31.9,
Kentucky,2011,SE,672958,7253850,264,282,274,281,10.77905308,87.6,24.5,87,26.8,
Louisiana,2011,SE,665109,8218870,251,272,259,274,12.35717755,85.2,23.5,87,26.8,
Maine,2011,NE,186835,2728535,265,288,275,289,14.60398212,93.8,30.9,92.2,38,
Maryland,2011,MA,851971,13247697,267,289,275,287,15.54946941,90.1,40.1,89.9,41.5,
Massachusetts,2011,NE,924903,15150898,271,299,280,298,16.38106699,91.3,45.8,92.2,38,
Michigan,2011,MW,1455966,18469948,260,282,271,279,12.68570008,91,29.6,91.1,31.9,
Minnesota,2011,MW,798891,10612480,266,295,274,295,13.28401497,92.8,38.2,91.1,31.9,
Mississippi,2011,SE,490526,4345783,249,267,259,272,8.859434566,84,21.4,87,26.8,
Missouri,2011,MW,896702,9842505,261,283,272,281,10.97633885,89.9,30.6,91.1,31.9,
Montana,2011,W,141529,1655584,268,293,278,293,11.69784284,94.1,32.1,91.3,31.5,
Nebraska,2011,MW,297659,3676326,264,284,272,282,12.35079739,90.3,32.6,91.1,31.9,
Nevada,2011,SW,429610,4258855,252,279,264,277,9.913305091,82.9,21.1,84,25.9,
New Hampshire,2011,NE,189275,3001244,268,292,276,292,15.85652622,93.4,37.1,92.2,38,
New Jersey,2011,MA,1399409,25716298,270,294,280,294,18.37654181,91,40.6,89.9,41.5,
New Mexico,2011,SW,331373,3694437,252,275,260,274,11.14887755,83.7,23,84,25.9,
New York,2011,MA,2677412,59446908,261,280,270,281,22.20312302,87.7,39.1,89.9,41.5,
North Carolina,2011,SE,1448117,13767024,256,285,270,287,9.506845096,86.1,30.1,87,26.8,
North Dakota,2011,MW,96255,1312226,264,293,273,291,13.63280869,93.9,32.8,91.1,31.9,
Ohio,2011,MW,1655534,23010396,263,290,273,288,13.89907788,91,29.3,91.1,31.9,
Oklahoma,2011,SW,658163,5644988,256,280,264,278,8.57688445,87.6,25.6,84,25.9,
Oregon,2011,W,559631,6317635,260,285,269,280,11.28892967,88.3,30.7,91.3,31.5,
Pennsylvania,2011,MA,1670854,28810721,263,287,272,285,17.24311101,91.5,33.5,89.9,41.5,
Rhode Island,2011,NE,139157,2198940,260,283,271,283,15.80186408,89.3,34.8,92.2,38,
South Carolina,2011,SE,713511,7961448,255,280,265,282,11.15812931,87.3,26.4,87,26.8,
South Dakota,2011,MW,125613,1350617,265,291,273,290,10.75220718,92.1,29.8,91.1,31.9,
Tennessee,2011,SE,986382,8961443,255,276,264,272,9.085164774,88.5,27.1,87,26.8,
Texas,2011,SW,4800196,52691826,260,291,263,290,10.97701552,82.5,27.4,84,25.9,
Utah,2011,W,545395,4195916,262,285,272,281,7.693352524,89.5,30.2,91.3,31.5,
Vermont,2011,NE,86982,1722515,268,294,280,294,19.80312019,94.4,38.9,92.2,38,
Virginia,2011,SE,1250852,14675815,263,289,271,289,11.73265502,90.9,39.7,87,26.8,
Washington,2011,W,1042979,11928408,261,288,274,288,11.43686306,90.1,32.7,91.3,31.5,
West Virginia,2011,SE,282130,3670119,250,274,263,272,13.00860951,88.8,23,87,26.8,
Wisconsin,2011,MW,864251,11440718,262,290,272,287,13.23772608,92.1,30.8,91.1,31.9,
Wyoming,2011,W,88165,1656850,265,290,274,285,18.79260478,92.2,26.5,91.3,31.5,
United States,2012,N,NA,NA,NA,NA,NA,NA,NA,88,32.4,88,32.4,
Alabama,2012,SE,744621,7222161,NA,NA,NA,NA,9.699110017,87,26.2,87.8,27.4,
Alaska,2012,W,130771,2483320,NA,NA,NA,NA,18.9898372,93.6,27.3,91.6,30.7,
Arizona,2012,SW,942738,8054662,NA,NA,NA,NA,8.543902972,85.6,27.5,84.9,26.5,
Arkansas,2012,SE,475671,5299969,NA,NA,NA,NA,11.14208981,87.6,23.7,87.8,27.4,
California,2012,SW,6203034,70191877,NA,NA,NA,NA,11.31573308,82.8,32.4,84.9,26.5,
Colorado,2012,W,843120,8472536,NA,NA,NA,NA,10.04902742,89.4,38.6,91.6,30.7,
Connecticut,2012,NE,522451,9791336,NA,NA,NA,NA,18.74115659,92.3,41.3,92.3,38,
Delaware,2012,MA,118624,1915966,NA,NA,NA,NA,16.15158821,88.8,32.4,90.1,42.1,
District of Columbia,2012,MA,44618,1189542,NA,NA,NA,NA,26.66058541,90.4,62.7,90.1,42.1,
Florida,2012,SE,2658559,25352047,NA,NA,NA,NA,9.536010673,87.9,28,87.8,27.4,
Georgia,2012,SE,1669156,17400209,NA,NA,NA,NA,10.42455528,86.9,30.5,87.8,27.4,
Hawaii,2012,W,182706,2344733,NA,NA,NA,NA,12.83336617,94.3,30.6,91.6,30.7,
Idaho,2012,W,267556,1911706,NA,NA,NA,NA,7.145068696,91.2,25.9,91.6,30.7,
Illinois,2012,MW,2071481,29067543,NA,NA,NA,NA,14.0322518,89.7,37.3,91.6,32.1,
Indiana,2012,MW,1006627,11351906,NA,NA,NA,NA,11.27717218,88.6,27.6,91.6,32.1,
Iowa,2012,MW,495870,6256926,NA,NA,NA,NA,12.61807732,93.2,32.8,91.6,32.1,
Kansas,2012,MW,485591,5615714,NA,NA,NA,NA,11.56469951,90.1,33.7,91.6,32.1,
Kentucky,2012,SE,681827,7444529,NA,NA,NA,NA,10.91850132,88.6,25.5,87.8,27.4,
Louisiana,2012,SE,665478,8504567,NA,NA,NA,NA,12.77963659,85.2,24.7,87.8,27.4,
Maine,2012,NE,187247,2625759,NA,NA,NA,NA,14.02296966,94,28.3,92.3,38,
Maryland,2012,MA,853778,13212140,NA,NA,NA,NA,15.47491268,90.7,40.8,90.1,42.1,
Massachusetts,2012,NE,922683,15696061,NA,NA,NA,NA,17.01132567,92.2,46.4,92.3,38,
Michigan,2012,MW,1421312,18063824,NA,NA,NA,NA,12.70926018,90.7,30.1,91.6,32.1,
Minnesota,2012,MW,799736,10696348,NA,NA,NA,NA,13.3748487,93.7,39,91.6,32.1,
Mississippi,2012,SE,490619,4423270,NA,NA,NA,NA,9.015692421,85.3,22.2,87.8,27.4,
Missouri,2012,MW,893221,9910617,NA,NA,NA,NA,11.09536946,90,31.1,91.6,32.1,
Montana,2012,W,142237,1652537,NA,NA,NA,NA,11.61819358,93.2,32,91.6,30.7,
Nebraska,2012,MW,300941,3880517,NA,NA,NA,NA,12.89461057,90.2,34.4,91.6,32.1,
Nevada,2012,SW,428526,4109706,NA,NA,NA,NA,9.590330575,84.7,22.4,84.9,26.5,
New Hampshire,2012,NE,190778,2961684,NA,NA,NA,NA,15.52424284,93.8,38.1,92.3,38,
New Jersey,2012,MA,1330300,26432652,NA,NA,NA,NA,19.86969255,91.1,42.3,90.1,42.1,
New Mexico,2012,SW,328690,3616691,NA,NA,NA,NA,11.00334966,85.7,23.9,84.9,26.5,
New York,2012,MA,2644029,60216421,NA,NA,NA,NA,22.7744934,87.9,39.7,90.1,42.1,
North Carolina,2012,SE,1462172,13418244,NA,NA,NA,NA,9.176925834,86.7,30.5,87.8,27.4,
North Dakota,2012,MW,97555,1380563,NA,NA,NA,NA,14.15163754,95.8,35.7,91.6,32.1,
Ohio,2012,MW,1630865,22662376,NA,NA,NA,NA,13.89592394,91.3,30.1,91.6,32.1,
Oklahoma,2012,SW,664200,5594867,NA,NA,NA,NA,8.423467329,87.6,25.3,84.9,26.5,
Oregon,2012,W,566525,6314092,NA,NA,NA,NA,11.14530162,89.1,32.7,91.6,30.7,
Pennsylvania,2012,MA,1644759,27851918,NA,NA,NA,NA,16.93373801,91.7,34.6,90.1,42.1,
Rhode Island,2012,NE,137400,2190431,NA,NA,NA,NA,15.94200146,88.8,35.6,92.3,38,
South Carolina,2012,SE,715744,7948441,NA,NA,NA,NA,11.10514514,88.1,27.4,87.8,27.4,
South Dakota,2012,MW,127726,1296971,NA,NA,NA,NA,10.15432253,92.7,30,91.6,32.1,
Tennessee,2012,SE,998638,9256522,NA,NA,NA,NA,9.269146578,89.3,28.2,87.8,27.4,
Texas,2012,SW,4844744,50215314,NA,NA,NA,NA,10.36490556,83,27.6,84.9,26.5,
Utah,2012,W,553873,4330417,NA,NA,NA,NA,7.818429496,91,31.4,91.6,30.7,
Vermont,2012,NE,87968,1726321,NA,NA,NA,NA,19.62442024,92.8,38.2,92.3,38,
Virginia,2012,SE,1257332,15129464,NA,NA,NA,NA,12.03299049,91.7,39.7,87.8,27.4,
Washington,2012,W,1044856,12187889,NA,NA,NA,NA,11.66465905,90,32.8,91.6,30.7,
West Virginia,2012,SE,282088,3536971,NA,NA,NA,NA,12.53853762,88.8,22.5,87.8,27.4,
Wisconsin,2012,MW,863314,10724377,NA,NA,NA,NA,12.42233648,92.6,32.1,91.6,32.1,
Wyoming,2012,W,89994,1670728,NA,NA,NA,NA,18.5648821,92.5,24.8,91.6,30.7,
United States,2013,N,NA,NA,NA,NA,NA,NA,NA,88,32.9,88,32.9,
Alabama,2013,SE,744548,7487741,253,269,262,269,10.05676061,86.1,25,87.7,27.8,
Alaska,2013,W,131091,2665933,254,282,268,281,20.3365067,92.6,28,91.9,32,
Arizona,2013,SW,941726,7600581,256,280,265,279,8.070904913,84.7,27.3,84.7,26.8,
Arkansas,2013,SE,477716,5226339,257,277,267,278,10.94026367,87.8,23.5,87.7,27.8,
California,2013,SW,6208733,62727119,257,277,267,275,11.23049083,83.1,32.4,84.7,26.8,
Colorado,2013,W,851063,8699125,267,289,275,290,10.22148184,89.8,39.1,91.9,32,
Connecticut,2013,NE,517812,9758850,269,285,281,285,18.84631874,92.1,41.8,92.4,38.7,
Delaware,2013,MA,118685,1924626,261,284,271,281,16.21625311,88.5,34.6,90.7,43.4,
District of Columbia,2013,MA,44179,1308438,241,264,254,266,29.61674099,93.3,65.4,90.7,43.4,
Florida,2013,SE,2680074,25245400,260,282,272,280,9.419665278,87.5,28.3,87.7,27.8,
Georgia,2013,SE,1682620,17317504,260,279,270,279,10.2919875,86.8,30.8,87.7,27.8,
Hawaii,2013,W,184760,2345917,254,280,266,284,12.69710435,96.3,33.6,91.9,32,
Idaho,2013,W,272070,1967676,265,287,276,286,7.232241703,89,27.4,91.9,32,
Illinois,2013,MW,2069823,29517831,263,285,271,285,14.26104116,89.2,37.6,91.4,32.6,
Indiana,2013,MW,1002772,11211155,262,288,272,287,11.18016359,88.8,27.4,91.4,32.6,
Iowa,2013,MW,499489,6318241,265,286,273,284,12.6494097,93.1,32.3,91.4,32.6,
Kansas,2013,MW,488590,5621023,263,290,271,289,11.50458053,90.7,34.2,91.4,32.6,
Kentucky,2013,SE,685009,7413896,266,281,273,280,10.82306364,88.7,26.5,87.7,27.8,
Louisiana,2013,SE,671156,7940880,253,273,262,273,11.8316457,85.7,25.4,87.7,27.8,
Maine,2013,NE,184682,2535405,262,290,276,287,13.72849005,94.4,30.5,92.4,38.7,
Maryland,2013,MA,859252,13284637,269,286,278,287,15.46069954,90.5,40.7,90.7,43.4,
Massachusetts,2013,NE,920968,16201905,273,301,281,300,17.59225619,92.4,47.6,92.4,38.7,
Michigan,2013,MW,1381167,17468264,262,280,271,281,12.64746696,90.8,31,91.4,32.6,
Minnesota,2013,MW,802454,10942019,266,295,276,294,13.63569625,93,38.8,91.4,32.6,
Mississippi,2013,SE,492847,4370050,248,271,259,271,8.866950595,85.9,21.9,87.7,27.8,
Missouri,2013,MW,897224,10001763,261,283,273,283,11.1474537,90.5,31.8,91.4,32.6,
Montana,2013,W,142797,1679521,267,289,276,289,11.76159863,93.4,31.7,91.9,32,
Nebraska,2013,MW,303242,3913038,265,285,274,285,12.90401066,89.1,34.7,91.4,32.6,
Nevada,2013,SW,431776,4057443,257,279,267,277,9.397101738,84.6,21.8,84.7,26.8,
New Hampshire,2013,NE,187703,2878534,269,295,280,296,15.33557801,94.1,37.5,92.4,38.7,
New Jersey,2013,MA,1338657,28179900,271,295,282,297,21.05087412,91.7,42.8,90.7,43.4,
New Mexico,2013,SW,327209,3536546,252,273,260,273,10.80821738,84.7,24.7,84.7,26.8,
New York,2013,MA,2629805,60505950,261,280,272,283,23.00777054,88.5,41,90.7,43.4,
North Carolina,2013,SE,1468228,13650536,258,285,271,286,9.297286253,87.1,31.9,87.7,27.8,
North Dakota,2013,MW,101025,1516575,263,291,273,290,15.01187825,94.1,32.9,91.4,32.6,
Ohio,2013,MW,1613718,22015797,264,290,274,289,13.64290229,90.9,31.1,91.4,32.6,
Oklahoma,2013,SW,671445,5796945,258,275,266,276,8.633536626,87.4,25.6,84.7,26.8,
Oregon,2013,W,564006,6228197,263,285,274,282,11.04278501,89.4,33.2,91.9,32,
Pennsylvania,2013,MA,1623694,28495118,269,290,275,289,17.54956168,91.5,35.7,90.7,43.4,
Rhode Island,2013,NE,136401,2231413,261,284,272,284,16.35921291,88.7,35.7,92.4,38.7,
South Carolina,2013,SE,722249,8224795,256,281,267,279,11.38775547,87.6,28.6,87.7,27.8,
South Dakota,2013,MW,130296,1332496,262,288,274,287,10.22668386,93.8,31.2,91.4,32.6,
Tennessee,2013,SE,992461,9248235,262,278,269,278,9.318487074,88.8,29.1,87.7,27.8,
Texas,2013,SW,4897523,50674724,260,289,268,288,10.34701093,83.4,28.8,84.7,26.8,
Utah,2013,W,562315,4584624,265,285,275,284,8.153124139,91.8,32.1,91.9,32,
Vermont,2013,NE,89200,1809138,269,295,280,296,20.28181614,92.5,39,92.4,38.7,
Virginia,2013,SE,1264880,15634918,262,288,273,289,12.36079154,91.6,40,87.7,27.8,
Washington,2013,W,1050901,12097549,268,290,277,289,11.51159719,90,34.1,91.9,32,
West Virginia,2013,SE,282310,3488877,251,274,263,274,12.35831887,89.3,22.7,87.7,27.8,
Wisconsin,2013,MW,863737,10845059,261,289,275,289,12.55597364,92.6,32.8,91.4,32.6,
Wyoming,2013,W,91533,1675477,265,290,277,287,18.30462238,95.2,29.1,91.9,32,
United States,2014,N,NA,NA,NA,NA,NA,NA,NA,88.7,33.6,88.7,33.6,
Alabama,2014,SE,740081,7587737,NA,NA,NA,NA,10.25257641,86.9,25.7,88.5,28.3,
Alaska,2014,W,130539,2727056,NA,NA,NA,NA,20.89073763,93.7,26.9,92.2,31.6,
Arizona,2014,SW,943937,8109460,NA,NA,NA,NA,8.591103008,85.3,27.6,85.3,27.1,
Arkansas,2014,SE,479881,5242672,NA,NA,NA,NA,10.92494181,88.3,24,88.5,28.3,
California,2014,SW,6224685,72506810,NA,NA,NA,NA,11.64826975,84.5,33.6,85.3,27.1,
Colorado,2014,W,865231,9286626,NA,NA,NA,NA,10.73311751,90.1,40.1,92.2,31.6,
Connecticut,2014,NE,511082,10201500,NA,NA,NA,NA,19.96059341,91.8,42.4,93,39.3,
Delaware,2014,MA,120623,1988535,NA,NA,NA,NA,16.48553758,89.6,34.6,91,44,
District of Columbia,2014,MA,44942,1313289,NA,NA,NA,NA,29.22186374,92.1,65.9,91,44,
Florida,2014,SE,2708022,26523658,NA,NA,NA,NA,9.794476559,88.7,28.5,88.5,28.3,
Georgia,2014,SE,1699185,17668352,NA,NA,NA,NA,10.39813322,87.2,31.3,88.5,28.3,
Hawaii,2014,W,186825,2504144,NA,NA,NA,NA,13.40368794,96.9,32.7,92.2,31.6,
Idaho,2014,W,281452,2012852,NA,NA,NA,NA,7.151670622,90.1,26.2,92.2,31.6,
Illinois,2014,MW,2060632,31080869,NA,NA,NA,NA,15.08317303,90,38.7,91.9,33.2,
Indiana,2014,MW,1007121,11136045,NA,NA,NA,NA,11.05730592,89.8,28.8,91.9,33.2,
Iowa,2014,MW,501763,6541553,NA,NA,NA,NA,13.03713705,93.4,34.7,91.9,33.2,
Kansas,2014,MW,496034,5957954,NA,NA,NA,NA,12.01118069,91,35.3,91.9,33.2,
Kentucky,2014,SE,686789,7346219,NA,NA,NA,NA,10.69647155,88.6,26.4,88.5,28.3,
Louisiana,2014,SE,665441,8140649,NA,NA,NA,NA,12.23346472,86.5,26.2,88.5,28.3,
Maine,2014,NE,178709,2550302,NA,NA,NA,NA,14.27069705,94.7,32,93,39.3,
Maryland,2014,MA,865768,13712839,NA,NA,NA,NA,15.83893029,90.7,42.4,91,44,
Massachusetts,2014,NE,920558,16518383,NA,NA,NA,NA,17.94388078,91.8,48.4,93,39.3,
Michigan,2014,MW,1363533,17358365,NA,NA,NA,NA,12.73043263,91.1,31.8,91.9,33.2,
Minnesota,2014,MW,804580,11300786,NA,NA,NA,NA,14.0455716,94.1,39.9,91.9,33.2,
Mississippi,2014,SE,492421,4463078,NA,NA,NA,NA,9.063541157,87.7,24,88.5,28.3,
Missouri,2014,MW,892992,10324249,NA,NA,NA,NA,11.56141264,90.8,32.8,91.9,33.2,
Montana,2014,W,144034,1754324,NA,NA,NA,NA,12.17992974,92.5,31.5,92.2,31.6,
Nebraska,2014,MW,307398,4008633,NA,NA,NA,NA,13.04053052,90.4,35.6,91.9,33.2,
Nevada,2014,SW,435765,4043820,NA,NA,NA,NA,9.279818251,85.3,22.9,85.3,27.1,
New Hampshire,2014,NE,184846,2960615,NA,NA,NA,NA,16.01665711,94.2,38.7,93,39.3,
New Jersey,2014,MA,1335350,27742203,NA,NA,NA,NA,20.77522972,92.7,43.5,91,44,
New Mexico,2014,SW,326637,3576216,NA,NA,NA,NA,10.94859431,84.6,23,85.3,27.1,
New York,2014,MA,2619312,62556193,NA,NA,NA,NA,23.88268102,89.4,41.8,91,44,
North Carolina,2014,SE,1441391,13540706,NA,NA,NA,NA,9.394193526,87.7,32.3,88.5,28.3,
North Dakota,2014,MW,103272,1597210,NA,NA,NA,NA,15.46605082,94.4,33,91.9,33.2,
Ohio,2014,MW,1601566,21847582,NA,NA,NA,NA,13.64138724,91.5,31.8,91.9,33.2,
Oklahoma,2014,SW,670069,6026661,NA,NA,NA,NA,8.994090161,87.9,26,85.3,27.1,
Oregon,2014,W,566538,6453635,NA,NA,NA,NA,11.39135415,89.5,33.6,92.2,31.6,
Pennsylvania,2014,MA,1605292,28620630,NA,NA,NA,NA,17.82892458,91.7,36,91,44,
Rhode Island,2014,NE,135084,2258076,NA,NA,NA,NA,16.71608777,89.7,34.7,93,39.3,
South Carolina,2014,SE,729386,8452743,NA,NA,NA,NA,11.58884733,87.9,28.3,88.5,28.3,
South Dakota,2014,MW,130653,1355439,NA,NA,NA,NA,10.37434272,93.2,31.8,91.9,33.2,
Tennessee,2014,SE,992583,9432883,NA,NA,NA,NA,9.503369492,89.6,28.9,88.5,28.3,
Texas,2014,SW,4949469,53096761,NA,NA,NA,NA,10.72776918,84,29.3,85.3,27.1,
Utah,2014,W,570423,4385896,NA,NA,NA,NA,7.688848451,91.4,31.4,92.2,31.6,
Vermont,2014,NE,87990,1876197,NA,NA,NA,NA,21.3228435,95.7,39.4,93,39.3,
Virginia,2014,SE,1273211,15690444,NA,NA,NA,NA,12.32352218,91.8,41.3,88.5,28.3,
Washington,2014,W,1057773,12806300,NA,NA,NA,NA,12.1068509,90.5,35.2,92.2,31.6,
West Virginia,2014,SE,280265,3499873,NA,NA,NA,NA,12.48772769,90.7,23.2,88.5,28.3,
Wisconsin,2014,MW,865119,11255186,NA,NA,NA,NA,13.00998591,93.1,33.5,91.9,33.2,
Wyoming,2014,W,92732,1775999,NA,NA,NA,NA,19.15195402,95,26.9,92.2,31.6,
United States,2015,N,NA,NA,NA,NA,NA,NA,NA,89,34.2,89,34.2,
Alabama,2015,SE,734974,7501799,253,266,265,267,10.20689031,87.1,26.6,88.7,28.8,
Alaska,2015,W,130755,2968341,254,280,268,281,22.7015487,93.9,28.9,92.6,33.1,
Arizona,2015,SW,944978,7902600,259,283,267,283,8.362734371,85.2,27.4,85.3,27.3,
Arkansas,2015,SE,479682,5350543,252,275,265,275,11.15435434,88.2,24.6,88.7,28.8,
California,2015,SW,6226523,78365958,255,275,263,276,12.58582968,84.8,34.5,85.3,27.3,
Colorado,2015,W,872320,9557682,261,287,275,284,10.95662372,91.2,41.2,92.6,33.1,
Connecticut,2015,NE,505366,10542667,268,284,279,283,20.86144893,92.9,43.2,92.7,39.8,
Delaware,2015,MA,121845,1975093,257,280,268,280,16.20988141,88.5,34,91.2,44.5,
District of Columbia,2015,MA,46155,1360942,242,260,253,266,29.48633951,92.4,66.8,91.2,44.5,
Florida,2015,SE,2743641,27277049,258,275,269,276,9.941916235,89.2,29.9,88.7,28.8,
Georgia,2015,SE,1717805,18501103,255,279,269,279,10.77019976,87.5,32.2,88.7,28.8,
Hawaii,2015,W,182384,2521004,252,277,263,282,13.82250636,97,33.9,92.6,33.1,
Idaho,2015,W,274131,2029520,263,284,275,284,7.403467685,90.6,27.5,92.6,33.1,
Illinois,2015,MW,2047123,32410033,262,282,272,282,15.83199104,90.3,38.7,92,33.6,
Indiana,2015,MW,1004215,11378564,264,288,273,287,11.33080466,89.1,29,92,33.6,
Iowa,2015,MW,505311,6772654,265,287,271,285,13.40294195,93.2,33.7,92,33.6,
Kansas,2015,MW,496920,6175724,262,284,272,284,12.42800451,90,35.3,92,33.6,
Kentucky,2015,SE,688475,7554887,263,277,273,279,10.97336432,89.4,27.3,88.7,28.8,
Louisiana,2015,SE,661015,8437263,251,267,260,269,12.76410218,87.1,26,88.7,28.8,
Maine,2015,NE,176176,2596180,264,285,273,284,14.73628644,93.6,33,92.7,39.8,
Maryland,2015,MA,874108,13882823,260,282,276,285,15.88227427,91.4,42.5,91.2,44.5,
Massachusetts,2015,NE,916130,16972319,271,295,278,299,18.52610328,92.7,48.7,92.7,39.8,
Michigan,2015,MW,1345009,17742903,260,280,270,277,13.19166117,91.3,31.9,92,33.6,
Minnesota,2015,MW,807044,11969872,264,294,276,294,14.83174647,93.4,40.4,92,33.6,
Mississippi,2015,SE,490189,4624539,247,269,258,273,9.43419579,87,22.7,88.7,28.8,
Missouri,2015,MW,892779,10540353,260,282,274,279,11.80622864,90.7,32.8,92,33.6,
Montana,2015,W,144447,1804841,265,289,275,286,12.49483201,94,34.4,92.6,33.1,
Nebraska,2015,MW,312281,4283846,264,287,275,286,13.71792072,91.9,35.8,92,33.6,
Nevada,2015,SW,438948,4183085,254,275,265,275,9.52979624,86,23.2,85.3,27.3,
New Hampshire,2015,NE,183039,3044720,269,295,281,293,16.6342692,93.8,39.9,92.7,39.8,
New Jersey,2015,MA,1339230,28809725,267,294,275,293,21.51215624,93.2,44.4,91.2,44.5,
New Mexico,2015,SW,326297,3846641,248,272,258,270,11.78877219,83.6,22.8,85.3,27.3,
New York,2015,MA,2631532,65094591,259,280,268,280,24.73638588,89.9,42.6,91.2,44.5,
North Carolina,2015,SE,1465031,14060699,254,281,268,282,9.59754367,87.9,32.6,88.7,28.8,
North Dakota,2015,MW,106061,1804762,263,288,272,288,17.01626423,96.3,34.4,92,33.6,
Ohio,2015,MW,1600222,22561728,261,284,271,286,14.09912375,91.9,32,92,33.6,
Oklahoma,2015,SW,671715,6184819,259,275,267,274,9.207504671,88.1,25.9,85.3,27.3,
Oregon,2015,W,570376,7011609,262,282,274,284,12.29295938,89.9,35.5,92.6,33.1,
Pennsylvania,2015,MA,1589429,29690645,265,283,273,285,18.68007001,91.9,36.8,91.2,44.5,
Rhode Island,2015,NE,134574,2326473,260,280,270,283,17.28768559,91.2,35.9,92.7,39.8,
South Carolina,2015,SE,737401,8783362,254,275,267,277,11.91124232,88.1,28.7,88.7,28.8,
South Dakota,2015,MW,132836,1464781,263,284,272,286,11.02698817,92.6,31.6,92,33.6,
Tennessee,2015,SE,994530,9562527,261,278,269,278,9.615121716,88.9,29.9,88.7,28.8,
Texas,2015,SW,5004866,56255791,256,283,265,284,11.24021922,84.3,29.9,85.3,27.3,
Utah,2015,W,573913,4537962,264,287,275,285,7.907055599,92.4,32.6,92.6,33.1,
Vermont,2015,NE,85184,1969415,269,292,279,289,23.11954123,91.8,38.2,92.7,39.8,
Virginia,2015,SE,1279867,16113212,263,289,271,287,12.58975503,92.2,41.1,88.7,28.8,
Washington,2015,W,1072359,13630138,261,287,274,285,12.7104244,90.6,36.3,92.6,33.1,
West Virginia,2015,SE,279565,3466981,256,272,264,271,12.40134137,91.8,24,88.7,28.8,
Wisconsin,2015,MW,861813,11553677,264,289,275,289,13.4062459,93,33.7,92,33.6,
Wyoming,2015,W,93867,1942406,263,286,275,288,20.69317225,94.1,27.7,92.6,33.1,
United States,2016,N,NA,NA,NA,NA,NA,NA,NA,88.9,34.9,88.9,34.9,
Alabama,2016,SE,734652,7708845,NA,NA,NA,NA,10.4931927,86.9,27.2,88.4,29.3,
Alaska,2016,W,132477,2623014,NA,NA,NA,NA,19.79976902,94.5,29,92,33.4,
Arizona,2016,SW,938274,7987011,NA,NA,NA,NA,8.512450521,85.3,28.3,85.8,28.1,
Arkansas,2016,SE,479177,5434193,NA,NA,NA,NA,11.34067996,87,25,88.4,29.3,
California,2016,SW,6217031,85320133,NA,NA,NA,NA,13.72361389,85,35.4,85.8,28.1,
Colorado,2016,W,880678,9878524,NA,NA,NA,NA,11.2169533,90,40.9,92,33.4,
Connecticut,2016,NE,499494,10826431,NA,NA,NA,NA,21.67479689,92.4,43.7,93.2,41.4,
Delaware,2016,MA,121225,2041952,NA,NA,NA,NA,16.84431429,89.1,33.2,91.3,44.8,
District of Columbia,2016,MA,48336,1322563,NA,NA,NA,NA,27.36186279,91.3,65.3,91.3,44.8,
Florida,2016,SE,2776933,27945116,NA,NA,NA,NA,10.06330221,88.2,29.9,88.4,29.3,
Georgia,2016,SE,1727085,19158388,NA,NA,NA,NA,11.09290394,87.5,32.8,88.4,29.3,
Hawaii,2016,W,181995,2733094,NA,NA,NA,NA,15.01741257,95.4,33,92,33.4,
Idaho,2016,W,274849,2100980,NA,NA,NA,NA,7.644124592,90.1,29.3,92,33.4,
Illinois,2016,MW,2030717,33037244,NA,NA,NA,NA,16.26875828,90.9,40.1,91.7,35.2,
Indiana,2016,MW,1002696,11535287,NA,NA,NA,NA,11.50427148,89,30.1,91.7,35.2,
Iowa,2016,MW,508014,6972412,NA,NA,NA,NA,13.72484223,92.9,35.1,91.7,35.2,
Kansas,2016,MW,495545,6134836,NA,NA,NA,NA,12.3799776,90.1,35.7,91.7,35.2,
Kentucky,2016,SE,686440,7786281,NA,NA,NA,NA,11.34298846,89.4,27.5,88.4,29.3,
Louisiana,2016,SE,660561,8248660,NA,NA,NA,NA,12.48735544,86.4,25.9,88.4,29.3,
Maine,2016,NE,179879,2706103,NA,NA,NA,NA,15.04401848,95.5,34.2,93.2,41.4,
Maryland,2016,MA,879196,13992191,NA,NA,NA,NA,15.91475735,91.6,43.3,91.3,44.8,
Massachusetts,2016,NE,921029,17037880,NA,NA,NA,NA,18.49874434,92.1,50,93.2,41.4,
Michigan,2016,MW,1335713,18001445,NA,NA,NA,NA,13.47703062,91.4,32.4,91.7,35.2,
Minnesota,2016,MW,811157,12848946,NA,NA,NA,NA,15.84027013,93.2,40.4,91.7,35.2,
Mississippi,2016,SE,486245,4631356,NA,NA,NA,NA,9.524737529,87.2,23.4,88.4,29.3,
Missouri,2016,MW,891554,10719882,NA,NA,NA,NA,12.02381684,91.3,33.5,91.7,35.2,
Montana,2016,W,145240,1879789,NA,NA,NA,NA,12.94263977,91.3,32.8,92,33.4,
Nebraska,2016,MW,315542,4640422,NA,NA,NA,NA,14.70619442,91.3,37.7,91.7,35.2,
Nevada,2016,SW,441623,4374249,NA,NA,NA,NA,9.904939281,86.2,23.1,85.8,28.1,
New Hampshire,2016,NE,179682,3124778,NA,NA,NA,NA,17.39060117,93.4,40.7,93.2,41.4,
New Jersey,2016,MA,1364473,29665476,NA,NA,NA,NA,21.74134336,93.6,45.2,91.3,44.8,
New Mexico,2016,SW,319861,3729397,NA,NA,NA,NA,11.65943019,86.2,24.7,85.8,28.1,
New York,2016,MA,2590945,68282026,NA,NA,NA,NA,26.35410092,89.8,43.1,91.3,44.8,
North Carolina,2016,SE,1462036,14207389,NA,NA,NA,NA,9.717537051,88.6,34,88.4,29.3,
North Dakota,2016,MW,108384,1963630,NA,NA,NA,NA,18.11734204,95.3,36.5,91.7,35.2,
Ohio,2016,MW,1595024,23352516,NA,NA,NA,NA,14.64085556,91.4,32.6,91.7,35.2,
Oklahoma,2016,SW,672777,6184152,NA,NA,NA,NA,9.191978917,87.4,26.7,85.8,28.1,
Oregon,2016,W,574252,7501954,NA,NA,NA,NA,13.06387091,90,35.3,92,33.4,
Pennsylvania,2016,MA,1572593,30925177,NA,NA,NA,NA,19.66508626,92.4,38.4,91.3,44.8,
Rhode Island,2016,NE,133856,2358654,NA,NA,NA,NA,17.62083134,92.4,39.3,93.2,41.4,
South Carolina,2016,SE,743320,9187299,NA,NA,NA,NA,12.35981677,88,29.5,88.4,29.3,
South Dakota,2016,MW,134045,1475864,NA,NA,NA,NA,11.01021299,91,32.6,91.7,35.2,
Tennessee,2016,SE,999265,9680512,NA,NA,NA,NA,9.68763241,90.4,29.9,88.4,29.3,
Texas,2016,SW,5053291,59314884,NA,NA,NA,NA,11.73787221,84.5,30.4,85.8,28.1,
Utah,2016,W,580215,4923657,NA,NA,NA,NA,8.485918151,91.8,34.6,92,33.4,
Vermont,2016,NE,87974,2082696,NA,NA,NA,NA,23.67399459,93.2,40.5,93.2,41.4,
Virginia,2016,SE,1283493,16497520,NA,NA,NA,NA,12.8536112,91.3,41.7,88.4,29.3,
Washington,2016,W,1083973,15253296,NA,NA,NA,NA,14.07165677,90,37.5,92,33.4,
West Virginia,2016,SE,276764,3366566,NA,NA,NA,NA,12.16403145,89.6,25.2,88.4,29.3,
Wisconsin,2016,MW,857736,11787535,NA,NA,NA,NA,13.74261428,93,35.2,91.7,35.2,
Wyoming,2016,W,NA,NA,NA,NA,NA,NA,NA,94.7,28.4,92,33.4,
United States,2017,N,NA,NA,NA,NA,NA,NA,NA,89.8,35.7,89.8,35.7,
Alabama,2017,SE,NA,NA,NA,NA,NA,NA,NA,87.8,27.1,88.8,29.8,
Alaska,2017,W,NA,NA,NA,NA,NA,NA,NA,93,27.7,92.2,34.1,
Arizona,2017,SW,NA,NA,NA,NA,NA,NA,NA,86.7,29.8,87.1,28.9,
Arkansas,2017,SE,NA,NA,NA,NA,NA,NA,NA,88.4,26.6,88.8,29.8,
California,2017,SW,NA,NA,NA,NA,NA,NA,NA,87,36.5,87.1,28.9,
Colorado,2017,W,NA,NA,NA,NA,NA,NA,NA,91.2,43.1,92.2,34.1,
Connecticut,2017,NE,NA,NA,NA,NA,NA,NA,NA,92.4,43.4,93.3,41.5,
Delaware,2017,MA,NA,NA,NA,NA,NA,NA,NA,91.9,32.4,92.5,45.8,
District of Columbia,2017,MA,NA,NA,NA,NA,NA,NA,NA,93.2,68.2,92.5,45.8,
Florida,2017,SE,NA,NA,NA,NA,NA,NA,NA,89.4,31.1,88.8,29.8,
Georgia,2017,SE,NA,NA,NA,NA,NA,NA,NA,88,33.3,88.8,29.8,
Hawaii,2017,W,NA,NA,NA,NA,NA,NA,NA,96.5,34.1,92.2,34.1,26.6
Idaho,2017,W,NA,NA,NA,NA,NA,NA,NA,91.2,28,92.2,34.1,31.1
Illinois,2017,MW,NA,NA,NA,NA,NA,NA,NA,91.1,40,92.3,35.8,
Indiana,2017,MW,NA,NA,NA,NA,NA,NA,NA,89.4,31.3,92.3,35.8,
Iowa,2017,MW,NA,NA,NA,NA,NA,NA,NA,92.4,35.2,92.3,35.8,
Kansas,2017,MW,NA,NA,NA,NA,NA,NA,NA,91.3,37.1,92.3,35.8,
Kentucky,2017,SE,NA,NA,NA,NA,NA,NA,NA,90.4,28.1,88.8,29.8,
Louisiana,2017,SE,NA,NA,NA,NA,NA,NA,NA,86.6,26.8,88.8,29.8,
Maine,2017,NE,NA,NA,NA,NA,NA,NA,NA,94.9,35.1,93.3,41.5,
Maryland,2017,MA,NA,NA,NA,NA,NA,NA,NA,91.5,43.7,92.5,45.8,
Massachusetts,2017,NE,NA,NA,NA,NA,NA,NA,NA,92.9,50.3,93.3,41.5,
Michigan,2017,MW,NA,NA,NA,NA,NA,NA,NA,91.6,33.4,92.3,35.8,
Minnesota,2017,MW,NA,NA,NA,NA,NA,NA,NA,94.3,42,92.3,35.8,
Mississippi,2017,SE,NA,NA,NA,NA,NA,NA,NA,84.6,22.7,88.8,29.8,
Missouri,2017,MW,NA,NA,NA,NA,NA,NA,NA,90.8,33.6,92.3,35.8,
Montana,2017,W,NA,NA,NA,NA,NA,NA,NA,92.4,33.7,92.2,34.1,
Nebraska,2017,MW,NA,NA,NA,NA,NA,NA,NA,92.2,37.7,92.3,35.8,
Nevada,2017,SW,NA,NA,NA,NA,NA,NA,NA,88.3,24.9,87.1,28.9,
New Hampshire,2017,NE,NA,NA,NA,NA,NA,NA,NA,93.3,40.5,93.3,41.5,
New Jersey,2017,MA,NA,NA,NA,NA,NA,NA,NA,94.3,47.3,92.5,45.8,
New Mexico,2017,SW,NA,NA,NA,NA,NA,NA,NA,86.5,24.3,87.1,28.9,
New York,2017,MA,NA,NA,NA,NA,NA,NA,NA,91.1,44,92.5,45.8,
North Carolina,2017,SE,NA,NA,NA,NA,NA,NA,NA,89.1,35.2,88.8,29.8,
North Dakota,2017,MW,NA,NA,NA,NA,NA,NA,NA,96.4,39.1,92.3,35.8,
Ohio,2017,MW,NA,NA,NA,NA,NA,NA,NA,92,33.2,92.3,35.8,
Oklahoma,2017,SW,NA,NA,NA,NA,NA,NA,NA,88.7,26.7,87.1,28.9,
Oregon,2017,W,NA,NA,NA,NA,NA,NA,NA,89.8,37.2,92.2,34.1,
Pennsylvania,2017,MA,NA,NA,NA,NA,NA,NA,NA,92.7,38.7,92.5,45.8,
Rhode Island,2017,NE,NA,NA,NA,NA,NA,NA,NA,93.1,38.3,93.3,41.5,
South Carolina,2017,SE,NA,NA,NA,NA,NA,NA,NA,88.8,29.8,88.8,29.8,
South Dakota,2017,MW,NA,NA,NA,NA,NA,NA,NA,91.9,30.7,92.3,35.8,
Tennessee,2017,SE,NA,NA,NA,NA,NA,NA,NA,90.9,31.8,88.8,29.8,
Texas,2017,SW,NA,NA,NA,NA,NA,NA,NA,85.5,31.1,87.1,28.9,
Utah,2017,W,NA,NA,NA,NA,NA,NA,NA,92.4,36.2,92.2,34.1,
Vermont,2017,NE,NA,NA,NA,NA,NA,NA,NA,93.4,41.2,93.3,41.5,
Virginia,2017,SE,NA,NA,NA,NA,NA,NA,NA,92,42.6,88.8,29.8,
Washington,2017,W,NA,NA,NA,NA,NA,NA,NA,90.7,38.1,92.2,34.1,
West Virginia,2017,SE,NA,NA,NA,NA,NA,NA,NA,90,23.5,88.8,29.8,
Wisconsin,2017,MW,NA,NA,NA,NA,NA,NA,NA,93.6,36,92.3,35.8,
Wyoming,2017,W,NA,NA,NA,NA,NA,NA,NA,92.5,28.6,92.2,34.1,
United States,2018,N,NA,NA,NA,NA,NA,NA,NA,90.2,36.5,90.2,36.5,
Alabama,2018,SE,NA,NA,NA,NA,NA,NA,NA,88,27.9,89.6,30.6,
Alaska,2018,W,NA,NA,NA,NA,NA,NA,NA,95.2,29.4,92.7,34.9,
Arizona,2018,SW,NA,NA,NA,NA,NA,NA,NA,88,29.9,87.8,29.4,
Arkansas,2018,SE,NA,NA,NA,NA,NA,NA,NA,90.1,25.8,89.6,30.6,
California,2018,SW,NA,NA,NA,NA,NA,NA,NA,87.3,36.9,87.8,29.4,
Colorado,2018,W,NA,NA,NA,NA,NA,NA,NA,91.7,43.5,92.7,34.9,
Connecticut,2018,NE,NA,NA,NA,NA,NA,NA,NA,93,44.6,94.1,42.6,
Delaware,2018,MA,NA,NA,NA,NA,NA,NA,NA,88.7,31.8,92,46.4,
District of Columbia,2018,MA,NA,NA,NA,NA,NA,NA,NA,95.4,70.6,92,46.4,
Florida,2018,SE,NA,NA,NA,NA,NA,NA,NA,90,32.3,89.6,30.6,
Georgia,2018,SE,NA,NA,NA,NA,NA,NA,NA,88.8,34.1,89.6,30.6,
Hawaii,2018,W,NA,NA,NA,NA,NA,NA,NA,94.5,35.3,92.7,34.9,
Idaho,2018,W,NA,NA,NA,NA,NA,NA,NA,90.8,29.2,92.7,34.9,
Illinois,2018,MW,NA,NA,NA,NA,NA,NA,NA,91.8,41.5,92.6,36.5,
Indiana,2018,MW,NA,NA,NA,NA,NA,NA,NA,89.6,31.5,92.6,36.5,
Iowa,2018,MW,NA,NA,NA,NA,NA,NA,NA,93.2,35.4,92.6,36.5,
Kansas,2018,MW,NA,NA,NA,NA,NA,NA,NA,90.4,37.3,92.6,36.5,
Kentucky,2018,SE,NA,NA,NA,NA,NA,NA,NA,90.1,29.1,89.6,30.6,
Louisiana,2018,SE,NA,NA,NA,NA,NA,NA,NA,87.3,26.9,89.6,30.6,
Maine,2018,NE,NA,NA,NA,NA,NA,NA,NA,95,36.1,94.1,42.6,
Maryland,2018,MA,NA,NA,NA,NA,NA,NA,NA,91.5,44,92,46.4,
Massachusetts,2018,NE,NA,NA,NA,NA,NA,NA,NA,93.5,52.6,94.1,42.6,
Michigan,2018,MW,NA,NA,NA,NA,NA,NA,NA,92,34.3,92.6,36.5,
Minnesota,2018,MW,NA,NA,NA,NA,NA,NA,NA,93.8,42.7,92.6,36.5,
Mississippi,2018,SE,NA,NA,NA,NA,NA,NA,NA,88.3,25.3,89.6,30.6,
Missouri,2018,MW,NA,NA,NA,NA,NA,NA,NA,92.1,34.7,92.6,36.5,
Montana,2018,W,NA,NA,NA,NA,NA,NA,NA,94.9,34.2,92.7,34.9,
Nebraska,2018,MW,NA,NA,NA,NA,NA,NA,NA,93.1,39.3,92.6,36.5,
Nevada,2018,SW,NA,NA,NA,NA,NA,NA,NA,87.5,24.8,87.8,29.4,
New Hampshire,2018,NE,NA,NA,NA,NA,NA,NA,NA,94.2,40,94.1,42.6,
New Jersey,2018,MA,NA,NA,NA,NA,NA,NA,NA,92.9,47.8,92,46.4,
New Mexico,2018,SW,NA,NA,NA,NA,NA,NA,NA,87.1,25.3,87.8,29.4,
New York,2018,MA,NA,NA,NA,NA,NA,NA,NA,90.5,45,92,46.4,
North Carolina,2018,SE,NA,NA,NA,NA,NA,NA,NA,89.9,35.8,89.6,30.6,
North Dakota,2018,MW,NA,NA,NA,NA,NA,NA,NA,95.5,38,92.6,36.5,
Ohio,2018,MW,NA,NA,NA,NA,NA,NA,NA,92.2,34,92.6,36.5,
Oklahoma,2018,SW,NA,NA,NA,NA,NA,NA,NA,89.9,27.2,87.8,29.4,
Oregon,2018,W,NA,NA,NA,NA,NA,NA,NA,89.9,36.7,92.7,34.9,
Pennsylvania,2018,MA,NA,NA,NA,NA,NA,NA,NA,92.5,39.4,92,46.4,
Rhode Island,2018,NE,NA,NA,NA,NA,NA,NA,NA,93.1,37.3,94.1,42.6,
South Carolina,2018,SE,NA,NA,NA,NA,NA,NA,NA,89.6,30.7,89.6,30.6,
South Dakota,2018,MW,NA,NA,NA,NA,NA,NA,NA,94.3,34.9,92.6,36.5,
Tennessee,2018,SE,NA,NA,NA,NA,NA,NA,NA,90.3,31.2,89.6,30.6,
Texas,2018,SW,NA,NA,NA,NA,NA,NA,NA,86.7,32.2,87.8,29.4,
Utah,2018,W,NA,NA,NA,NA,NA,NA,NA,92.7,36.3,92.7,34.9,
Vermont,2018,NE,NA,NA,NA,NA,NA,NA,NA,96,44.7,94.1,42.6,
Virginia,2018,SE,NA,NA,NA,NA,NA,NA,NA,92.3,43.4,89.6,30.6,
Washington,2018,W,NA,NA,NA,NA,NA,NA,NA,91.8,40.2,92.7,34.9,
West Virginia,2018,SE,NA,NA,NA,NA,NA,NA,NA,91,24.7,89.6,30.6,
Wisconsin,2018,MW,NA,NA,NA,NA,NA,NA,NA,93.3,35.5,92.6,36.5,
Wyoming,2018,W,NA,NA,NA,NA,NA,NA,NA,92.9,29.3,92.7,34.9,
United States,2019,N,NA,NA,NA,NA,NA,NA,NA,90.3,37.1,90.3,37.1,
Alabama,2019,SE,NA,NA,NA,NA,NA,NA,NA,88.8,28.6,89.6,31.1,
Alaska,2019,W,NA,NA,NA,NA,NA,NA,NA,92.6,29.6,93,35.8,
Arizona,2019,SW,NA,NA,NA,NA,NA,NA,NA,87.6,30,87.5,30,
Arkansas,2019,SE,NA,NA,NA,NA,NA,NA,NA,89.8,26.4,89.6,31.1,
California,2019,SW,NA,NA,NA,NA,NA,NA,NA,87.6,38.2,87.5,30,
Colorado,2019,W,NA,NA,NA,NA,NA,NA,NA,92.7,45.1,93,35.8,
Connecticut,2019,NE,NA,NA,NA,NA,NA,NA,NA,92.1,44.6,94,43.5,
Delaware,2019,MA,NA,NA,NA,NA,NA,NA,NA,89.5,35.1,91.9,47.15,
District of Columbia,2019,MA,NA,NA,NA,NA,NA,NA,NA,94.2,70.4,91.9,47.15,
Florida,2019,SE,NA,NA,NA,NA,NA,NA,NA,89.5,32.3,89.6,31.1,
Georgia,2019,SE,NA,NA,NA,NA,NA,NA,NA,88.6,35,89.6,31.1,
Hawaii,2019,W,NA,NA,NA,NA,NA,NA,NA,95.3,35.6,93,35.8,
Idaho,2019,W,NA,NA,NA,NA,NA,NA,NA,91.6,30.1,93,35.8,
Illinois,2019,MW,NA,NA,NA,NA,NA,NA,NA,91.7,42.4,93,36.9,
Indiana,2019,MW,NA,NA,NA,NA,NA,NA,NA,89.7,31.2,93,36.9,
Iowa,2019,MW,NA,NA,NA,NA,NA,NA,NA,94.4,36,93,36.9,
Kansas,2019,MW,NA,NA,NA,NA,NA,NA,NA,91.2,37.3,93,36.9,
Kentucky,2019,SE,NA,NA,NA,NA,NA,NA,NA,90.4,29.5,89.6,31.1,
Louisiana,2019,SE,NA,NA,NA,NA,NA,NA,NA,87.7,28.1,89.6,31.1,
Maine,2019,NE,NA,NA,NA,NA,NA,NA,NA,95.8,36.6,94,43.5,
Maryland,2019,MA,NA,NA,NA,NA,NA,NA,NA,91.3,44.2,91.9,47.15,
Massachusetts,2019,NE,NA,NA,NA,NA,NA,NA,NA,93.7,52.9,94,43.5,
Michigan,2019,MW,NA,NA,NA,NA,NA,NA,NA,92.1,34.4,93,36.9,
Minnesota,2019,MW,NA,NA,NA,NA,NA,NA,NA,94.9,43.5,93,36.9,
Mississippi,2019,SE,NA,NA,NA,NA,NA,NA,NA,86.7,22.7,89.6,31.1,
Missouri,2019,MW,NA,NA,NA,NA,NA,NA,NA,92.6,35.5,93,36.9,
Montana,2019,W,NA,NA,NA,NA,NA,NA,NA,93.7,38.1,93,35.8,
Nebraska,2019,MW,NA,NA,NA,NA,NA,NA,NA,93.4,40.6,93,36.9,
Nevada,2019,SW,NA,NA,NA,NA,NA,NA,NA,86.2,25.4,87.5,30,
New Hampshire,2019,NE,NA,NA,NA,NA,NA,NA,NA,94.8,42.4,94,43.5,
New Jersey,2019,MA,NA,NA,NA,NA,NA,NA,NA,92.5,48.1,91.9,47.15,
New Mexico,2019,SW,NA,NA,NA,NA,NA,NA,NA,87.4,25.5,87.5,30,
New York,2019,MA,NA,NA,NA,NA,NA,NA,NA,90.9,45.6,91.9,47.15,
North Carolina,2019,SE,NA,NA,NA,NA,NA,NA,NA,89.2,36,89.6,31.1,
North Dakota,2019,MW,NA,NA,NA,NA,NA,NA,NA,97.9,36.6,93,36.9,
Ohio,2019,MW,NA,NA,NA,NA,NA,NA,NA,92.1,34.4,93,36.9,
Oklahoma,2019,SW,NA,NA,NA,NA,NA,NA,NA,88.7,27.3,87.5,30,
Oregon,2019,W,NA,NA,NA,NA,NA,NA,NA,91.5,37.5,93,35.8,
Pennsylvania,2019,MA,NA,NA,NA,NA,NA,NA,NA,92.7,39.5,91.9,47.15,
Rhode Island,2019,NE,NA,NA,NA,NA,NA,NA,NA,92.1,40.5,94,43.5,
South Carolina,2019,SE,NA,NA,NA,NA,NA,NA,NA,89.5,32,89.6,31.1,
South Dakota,2019,MW,NA,NA,NA,NA,NA,NA,NA,92.6,33.8,93,36.9,
Tennessee,2019,SE,NA,NA,NA,NA,NA,NA,NA,90.3,33,89.6,31.1,
Texas,2019,SW,NA,NA,NA,NA,NA,NA,NA,87.2,33.1,87.5,30,
Utah,2019,W,NA,NA,NA,NA,NA,NA,NA,94.1,36.5,93,35.8,
Vermont,2019,NE,NA,NA,NA,NA,NA,NA,NA,95,43.8,94,43.5,
Virginia,2019,SE,NA,NA,NA,NA,NA,NA,NA,92.4,43.5,89.6,31.1,
Washington,2019,W,NA,NA,NA,NA,NA,NA,NA,91.7,39.9,93,35.8,
West Virginia,2019,SE,NA,NA,NA,NA,NA,NA,NA,92.3,26,89.6,31.1,
Wisconsin,2019,MW,NA,NA,NA,NA,NA,NA,NA,93.6,37.3,93,36.9,
Wyoming,2019,W,NA,NA,NA,NA,NA,NA,NA,94.1,29.8,93,35.8,